Job Title,Company Name,Hiring Status,Job Post Link
Senior Fullstack Engineer,Jobot,Be an early applicant,https://www.linkedin.com/jobs/view/senior-fullstack-engineer-at-jobot-3247920086?refId=2v5et3GZgmYQ4jBxs2ggdA%3D%3D&trackingId=Cmncm7OtxkmjpISiq0j2hQ%3D%3D&position=1&pageNum=0&trk=public_jobs_jserp-result_search-card
"REMOTE Senior Software Engineer - REACT, NODE, TypeScript",CyberCoders,Be an early applicant,https://www.linkedin.com/jobs/view/remote-senior-software-engineer-react-node-typescript-at-cybercoders-3110635147?refId=2v5et3GZgmYQ4jBxs2ggdA%3D%3D&trackingId=CTydvtH%2FceyluabrVTM67Q%3D%3D&position=2&pageNum=0&trk=public_jobs_jserp-result_search-card
Senior Front-end Software Engineer,E. & J. Gallo Winery,Be an early applicant,https://www.linkedin.com/jobs/view/senior-front-end-software-engineer-at-e-j-gallo-winery-3159284130?refId=2v5et3GZgmYQ4jBxs2ggdA%3D%3D&trackingId=%2FRg%2B30sXewBLGJeYg%2B8pFQ%3D%3D&position=4&pageNum=0&trk=public_jobs_jserp-result_search-card
Senior Software Engineer with Node.js development/AWS experience - REMOTE,Ellucian,"Be an early applicant
           +8Â benefits",https://www.linkedin.com/jobs/view/senior-software-engineer-with-node-js-development-aws-experience-remote-at-ellucian-3257850232?refId=2v5et3GZgmYQ4jBxs2ggdA%3D%3D&trackingId=JXDl535j%2FURPF%2BWJtBnu0Q%3D%3D&position=5&pageNum=0&trk=public_jobs_jserp-result_search-card
Senior Fullstack Software Engineer,Cvent,Be an early applicant,https://www.linkedin.com/jobs/view/senior-fullstack-software-engineer-at-cvent-2652506964?refId=2v5et3GZgmYQ4jBxs2ggdA%3D%3D&trackingId=m8g0qg1YsZyLpTb0r5qKMw%3D%3D&position=7&pageNum=0&trk=public_jobs_jserp-result_search-card
Lead Full Stack Developer (open to learn Ruby) - 100% REMOTE!,CyberCoders,Be an early applicant,https://www.linkedin.com/jobs/view/lead-full-stack-developer-open-to-learn-ruby-100%25-remote%21-at-cybercoders-3110625437?refId=2v5et3GZgmYQ4jBxs2ggdA%3D%3D&trackingId=rvfPM94rHJtne8k%2BCzlifQ%3D%3D&position=9&pageNum=0&trk=public_jobs_jserp-result_search-card
Senior Ruby Developer,Jobot,Be an early applicant,https://www.linkedin.com/jobs/view/senior-ruby-developer-at-jobot-3259738881?refId=2v5et3GZgmYQ4jBxs2ggdA%3D%3D&trackingId=t8Oyqf5viJVSSCkGsGKIdQ%3D%3D&position=10&pageNum=0&trk=public_jobs_jserp-result_search-card
Senior Ruby Developer,Jobot,Be an early applicant,https://www.linkedin.com/jobs/view/senior-ruby-developer-at-jobot-3259742239?refId=2v5et3GZgmYQ4jBxs2ggdA%3D%3D&trackingId=ubFbteoKcMmkP9SUhuqapg%3D%3D&position=11&pageNum=0&trk=public_jobs_jserp-result_search-card
"Lead Software Engineer, Merchandising",Stitch Fix,Be an early applicant,https://www.linkedin.com/jobs/view/lead-software-engineer-merchandising-at-stitch-fix-3028656186?refId=2v5et3GZgmYQ4jBxs2ggdA%3D%3D&trackingId=FR7puXFM%2F%2FlAWEoqwuHEzw%3D%3D&position=14&pageNum=0&trk=public_jobs_jserp-result_search-card
Lead Full Stack Engineer - Buying Experience,Stitch Fix,Be an early applicant,https://www.linkedin.com/jobs/view/lead-full-stack-engineer-buying-experience-at-stitch-fix-3168856300?refId=2v5et3GZgmYQ4jBxs2ggdA%3D%3D&trackingId=ABM3bRswgSdwb2rBN6EVAg%3D%3D&position=19&pageNum=0&trk=public_jobs_jserp-result_search-card
"Senior Software Engineer, Frontend",Chewy,Be an early applicant,https://www.linkedin.com/jobs/view/senior-software-engineer-frontend-at-chewy-3250936211?refId=2v5et3GZgmYQ4jBxs2ggdA%3D%3D&trackingId=WglC33TjmjkeIHtGfQ%2FJoQ%3D%3D&position=21&pageNum=0&trk=public_jobs_jserp-result_search-card
Lead Full Stack Developer (open to learn Ruby) - 100% REMOTE!,CyberCoders,Be an early applicant,https://www.linkedin.com/jobs/view/lead-full-stack-developer-open-to-learn-ruby-100%25-remote%21-at-cybercoders-3110627053?refId=2v5et3GZgmYQ4jBxs2ggdA%3D%3D&trackingId=oPXFE0TaP%2FrsaMfmRFZImQ%3D%3D&position=23&pageNum=0&trk=public_jobs_jserp-result_search-card
"Senior Fullstack Engineer, Ecommerce - Remote",Unstoppable Domains,Be an early applicant,https://www.linkedin.com/jobs/view/senior-fullstack-engineer-ecommerce-remote-at-unstoppable-domains-3147989269?refId=2v5et3GZgmYQ4jBxs2ggdA%3D%3D&trackingId=LccGIjBXT4f1UODUMQsW0g%3D%3D&position=24&pageNum=0&trk=public_jobs_jserp-result_search-card
